model,MRR,Hits@1,Hits@3,Hits@10
TransE,0.057241,0.012329,0.060426,0.146575
DistMult,0.271662,0.209285,0.29376,0.384475
