{
  "losses": [
    0.6549667868858728,
    0.34089432325628066,
    0.2742358528905445,
    0.2570557683451563,
    0.25322175675477737,
    0.24679267062590673,
    0.24815509436476943,
    0.2583428704076343,
    0.24616189288277912,
    0.2560918908088635,
    0.25792665512133867,
    0.2641429717087338,
    0.26858782488056737,
    0.26489271720250446,
    0.269193335603445,
    0.2738912132305977,
    0.2683713196689247,
    0.27130691503357685,
    0.27249486133074147,
    0.28211835014004993,
    0.27428452836142647,
    0.2787083791107194,
    0.2812107660067387,
    0.28679630376844323,
    0.272488785477785,
    0.2804673794243071,
    0.28045231868059206,
    0.27625419428715337,
    0.2818572106014969,
    0.282020523889452,
    0.2867126296728085,
    0.280895014349212,
    0.2891563579567477,
    0.27502894974671876,
    0.28032316140130037,
    0.2847274532939634,
    0.2830269039950819,
    0.2907913273725754,
    0.2798790058009645,
    0.2708676572029407,
    0.2835293949669243,
    0.2788766300321644,
    0.2797488841490868,
    0.2890949686113586,
    0.27631714863654894,
    0.27782603385102034,
    0.276004832269799,
    0.2822497679382308,
    0.2780615613501296,
    0.2746412228060584
  ],
  "metrics": {
    "both": {
      "optimistic": {
        "adjusted_arithmetic_mean_rank": 0.24469261119863892,
        "adjusted_arithmetic_mean_rank_index": 0.7554559501943855,
        "adjusted_geometric_mean_rank_index": 0.9446694876731324,
        "adjusted_hits_at_k": 0.14571111693517821,
        "adjusted_inverse_harmonic_mean_rank": 0.0563088845409182,
        "arithmetic_mean_rank": 1244.2969558599696,
        "count": 6570.0,
        "geometric_mean_rank": 205.44786944847922,
        "harmonic_mean_rank": 17.4701364313551,
        "hits_at_1": 0.012328767123287671,
        "hits_at_10": 0.14657534246575343,
        "hits_at_3": 0.0604261796042618,
        "hits_at_5": 0.09193302891933029,
        "inverse_arithmetic_mean_rank": 0.000803666677227279,
        "inverse_geometric_mean_rank": 0.004867414798140669,
        "inverse_harmonic_mean_rank": 0.057240537526954696,
        "inverse_median_rank": 0.0035087719298245615,
        "median_absolute_deviation": 415.1286211815685,
        "median_rank": 285.0,
        "standard_deviation": 1921.93772548572,
        "variance": 3693844.6206452227,
        "z_arithmetic_mean_rank": 104.9668469031844,
        "z_geometric_mean_rank": 76.75298137007769,
        "z_hits_at_k": 371.1528272729302,
        "z_inverse_harmonic_mean_rank": 354.546046145327
      },
      "pessimistic": {
        "adjusted_arithmetic_mean_rank": 0.2446927907888652,
        "adjusted_arithmetic_mean_rank_index": 0.7554557705688356,
        "adjusted_geometric_mean_rank_index": 0.9446694449190544,
        "adjusted_hits_at_k": 0.14571111693517821,
        "adjusted_inverse_harmonic_mean_rank": 0.056308883546814514,
        "arithmetic_mean_rank": 1244.2978691019787,
        "count": 6570.0,
        "geometric_mean_rank": 205.44802742605418,
        "harmonic_mean_rank": 17.470136734461647,
        "hits_at_1": 0.012328767123287671,
        "hits_at_10": 0.14657534246575343,
        "hits_at_3": 0.0604261796042618,
        "hits_at_5": 0.09193302891933029,
        "inverse_arithmetic_mean_rank": 0.0008036660873828462,
        "inverse_geometric_mean_rank": 0.004867411055381998,
        "inverse_harmonic_mean_rank": 0.05724053653383244,
        "inverse_median_rank": 0.0035087719298245615,
        "median_absolute_deviation": 415.1286211815685,
        "median_rank": 285.0,
        "standard_deviation": 1921.9380419642014,
        "variance": 3693845.8371491884,
        "z_arithmetic_mean_rank": 104.96682194510765,
        "z_geometric_mean_rank": 76.75297789637287,
        "z_hits_at_k": 371.1528272729302,
        "z_inverse_harmonic_mean_rank": 354.54603988600337
      },
      "realistic": {
        "adjusted_arithmetic_mean_rank": 0.24469269131856244,
        "adjusted_arithmetic_mean_rank_index": 0.7554558700587032,
        "adjusted_geometric_mean_rank_index": 0.9446694817768675,
        "adjusted_hits_at_k": 0.14571111693517821,
        "adjusted_inverse_harmonic_mean_rank": 0.056308885313810245,
        "arithmetic_mean_rank": 1244.29736328125,
        "count": 6570.0,
        "geometric_mean_rank": 205.44789123535156,
        "harmonic_mean_rank": 17.470136642456055,
        "hits_at_1": 0.012328767123287671,
        "hits_at_10": 0.14657534246575343,
        "hits_at_3": 0.0604261796042618,
        "hits_at_5": 0.09193302891933029,
        "inverse_arithmetic_mean_rank": 0.0008036664221435785,
        "inverse_geometric_mean_rank": 0.004867414478212595,
        "inverse_harmonic_mean_rank": 0.05724053829908371,
        "inverse_median_rank": 0.003508772002533078,
        "median_absolute_deviation": 415.1286315917969,
        "median_rank": 285.0,
        "standard_deviation": 1921.93798828125,
        "variance": 3693845.5,
        "z_arithmetic_mean_rank": 104.96683576872992,
        "z_geometric_mean_rank": 76.75298089101499,
        "z_hits_at_k": 371.1528272729302,
        "z_inverse_harmonic_mean_rank": 354.5460510118027
      }
    },
    "head": {
      "optimistic": {
        "adjusted_arithmetic_mean_rank": 0.44530215501073855,
        "adjusted_arithmetic_mean_rank_index": 0.5548157717683856,
        "adjusted_geometric_mean_rank_index": 0.7257522665516107,
        "adjusted_hits_at_k": 0.018089775860906872,
        "adjusted_inverse_harmonic_mean_rank": 0.009015439771039763,
        "arithmetic_mean_rank": 2095.034398782344,
        "count": 3285.0,
        "geometric_mean_rank": 931.9705784698123,
        "harmonic_mean_rank": 99.23921556797328,
        "hits_at_1": 0.00213089802130898,
        "hits_at_10": 0.019178082191780823,
        "hits_at_3": 0.004870624048706241,
        "hits_at_5": 0.010350076103500762,
        "inverse_arithmetic_mean_rank": 0.0004773191316482491,
        "inverse_geometric_mean_rank": 0.0010729952458819936,
        "inverse_harmonic_mean_rank": 0.010076661673278305,
        "inverse_median_rank": 0.0006993006993006993,
        "median_absolute_deviation": 1696.0969379704086,
        "median_rank": 1430.0,
        "standard_deviation": 2157.528705158011,
        "variance": 4654930.113580803,
        "z_arithmetic_mean_rank": 54.12283641110016,
        "z_geometric_mean_rank": 41.7069973388501,
        "z_hits_at_k": 31.126619528257933,
        "z_inverse_harmonic_mean_rank": 38.35424082718811
      },
      "pessimistic": {
        "adjusted_arithmetic_mean_rank": 0.4453023491214581,
        "adjusted_arithmetic_mean_rank_index": 0.5548155776163988,
        "adjusted_geometric_mean_rank_index": 0.7257520365451552,
        "adjusted_hits_at_k": 0.018089775860906872,
        "adjusted_inverse_harmonic_mean_rank": 0.009015438412644771,
        "arithmetic_mean_rank": 2095.035312024353,
        "count": 3285.0,
        "geometric_mean_rank": 931.9713592574614,
        "harmonic_mean_rank": 99.23922893169583,
        "hits_at_1": 0.00213089802130898,
        "hits_at_10": 0.019178082191780823,
        "hits_at_3": 0.004870624048706241,
        "hits_at_5": 0.010350076103500762,
        "inverse_arithmetic_mean_rank": 0.0004773189235811677,
        "inverse_geometric_mean_rank": 0.0010729943469472492,
        "inverse_harmonic_mean_rank": 0.010076660316337986,
        "inverse_median_rank": 0.0006993006993006993,
        "median_absolute_deviation": 1696.0969379704086,
        "median_rank": 1430.0,
        "standard_deviation": 2157.528706483649,
        "variance": 4654930.119301006,
        "z_arithmetic_mean_rank": 54.122817471378625,
        "z_geometric_mean_rank": 41.70698412100832,
        "z_hits_at_k": 31.126619528257933,
        "z_inverse_harmonic_mean_rank": 38.35423504819008
      },
      "realistic": {
        "adjusted_arithmetic_mean_rank": 0.44530226411903445,
        "adjusted_arithmetic_mean_rank_index": 0.5548156626368936,