{
  "losses": [
    1.0036051181646495,
    0.9871734976768494,
    0.7430558163895566,
    0.6639292143348955,
    0.6636923001362727,
    0.6331325173377991,
    0.6015321780473758,
    0.5659764480387044,
    0.5213985491512169,
    0.4974554224401458,
    0.474540171205488,
    0.4539945247845772,
    0.43534011693082303,
    0.41495336706821734,
    0.4029959180416205,
    0.3895805827063373,
    0.37908721785260063,
    0.3669988393274128,
    0.3614531233269944,
    0.3591971748914474,
    0.34947242110203475,
    0.34539871541862815,
    0.3391734140041547,
    0.3344970844749712,
    0.332923726648347,
    0.32869783196693814,
    0.3242243474874741,
    0.3245897978289515,
    0.3247836318790403,
    0.3231417720134442,
    0.3245591844758417,
    0.3236467372148465,
    0.3258285789917677,
    0.32091822150426036,
    0.3205451669856014,
    0.32117060005155385,
    0.31930502421326107,
    0.3226282670457139,
    0.3182568160387186,
    0.31507360145577,
    0.3134467237525516,
    0.3116757502922645,
    0.3141820807742257,
    0.31499759279764616,
    0.31309388030288565,
    0.3153914014498393,
    0.32110331277562004,
    0.3218577119529757,
    0.32024940517213607,
    0.31923630145879894
  ],
  "metrics": {
    "both": {
      "optimistic": {
        "adjusted_arithmetic_mean_rank": 0.1218862104054248,
        "adjusted_arithmetic_mean_rank_index": 0.8782865057757622,
        "adjusted_geometric_mean_rank_index": 0.9902418543942387,
        "adjusted_hits_at_k": 0.3838515706948209,
        "adjusted_inverse_harmonic_mean_rank": 0.27094202685389795,
        "arithmetic_mean_rank": 619.8088280060883,
        "count": 6570.0,
        "geometric_mean_rank": 37.056634846974724,
        "harmonic_mean_rank": 3.6810477457752926,
        "hits_at_1": 0.20928462709284626,
        "hits_at_10": 0.38447488584474887,
        "hits_at_3": 0.2937595129375951,
        "hits_at_5": 0.32983257229832574,
        "inverse_arithmetic_mean_rank": 0.001613400704886664,
        "inverse_geometric_mean_rank": 0.026985720752288958,
        "inverse_harmonic_mean_rank": 0.271661784650224,
        "inverse_median_rank": 0.02631578947368421,
        "median_absolute_deviation": 54.856282084707274,
        "median_rank": 38.0,
        "standard_deviation": 1527.3175103613241,
        "variance": 2332698.7774563134,
        "z_arithmetic_mean_rank": 122.03354168456238,
        "z_geometric_mean_rank": 80.45566792826332,
        "z_hits_at_k": 977.7400565800116,
        "z_inverse_harmonic_mean_rank": 1705.9727810066136
      },
      "pessimistic": {
        "adjusted_arithmetic_mean_rank": 0.1218862104054248,
        "adjusted_arithmetic_mean_rank_index": 0.8782865057757622,
        "adjusted_geometric_mean_rank_index": 0.9902418543942387,
        "adjusted_hits_at_k": 0.3838515706948209,
        "adjusted_inverse_harmonic_mean_rank": 0.27094202685389795,
        "arithmetic_mean_rank": 619.8088280060883,
        "count": 6570.0,
        "geometric_mean_rank": 37.056634846974724,
        "harmonic_mean_rank": 3.6810477457752926,
        "hits_at_1": 0.20928462709284626,
        "hits_at_10": 0.38447488584474887,
        "hits_at_3": 0.2937595129375951,
        "hits_at_5": 0.32983257229832574,
        "inverse_arithmetic_mean_rank": 0.001613400704886664,
        "inverse_geometric_mean_rank": 0.026985720752288958,
        "inverse_harmonic_mean_rank": 0.271661784650224,
        "inverse_median_rank": 0.02631578947368421,
        "median_absolute_deviation": 54.856282084707274,
        "median_rank": 38.0,
        "standard_deviation": 1527.3175103613241,
        "variance": 2332698.7774563134,
        "z_arithmetic_mean_rank": 122.03354168456238,
        "z_geometric_mean_rank": 80.45566792826332,
        "z_hits_at_k": 977.7400565800116,
        "z_inverse_harmonic_mean_rank": 1705.9727810066136
      },
      "realistic": {
        "adjusted_arithmetic_mean_rank": 0.12188621234923176,
        "adjusted_arithmetic_mean_rank_index": 0.8782865038315729,
        "adjusted_geometric_mean_rank_index": 0.9902418538628958,
        "adjusted_hits_at_k": 0.3838515706948209,
        "adjusted_inverse_harmonic_mean_rank": 0.27094206026415435,
        "arithmetic_mean_rank": 619.808837890625,
        "count": 6570.0,
        "geometric_mean_rank": 37.056636810302734,
        "harmonic_mean_rank": 3.681047201156616,
        "hits_at_1": 0.20928462709284626,
        "hits_at_10": 0.38447488584474887,
        "hits_at_3": 0.2937595129375951,
        "hits_at_5": 0.32983257229832574,
        "inverse_arithmetic_mean_rank": 0.0016134006436914206,
        "inverse_geometric_mean_rank": 0.026985719799995422,
        "inverse_harmonic_mean_rank": 0.27166181802749634,
        "inverse_median_rank": 0.02631578966975212,
        "median_absolute_deviation": 54.856285095214844,
        "median_rank": 38.0,
        "standard_deviation": 1527.317626953125,
        "variance": 2332699.0,
        "z_arithmetic_mean_rank": 122.03354141442695,
        "z_geometric_mean_rank": 80.4556678850925,
        "z_hits_at_k": 977.7400565800116,
        "z_inverse_harmonic_mean_rank": 1705.9729913726046
      }
    },
    "head": {
      "optimistic": {
        "adjusted_arithmetic_mean_rank": 0.16911948207118985,
        "adjusted_arithmetic_mean_rank_index": 0.8310571601570095,
        "adjusted_geometric_mean_rank_index": 0.9586598188744986,
        "adjusted_hits_at_k": 0.15553282709825356,
        "adjusted_inverse_harmonic_mean_rank": 0.07272015819635747,
        "arithmetic_mean_rank": 795.6645357686454,
        "count": 3285.0,
        "geometric_mean_rank": 141.33476905178387,
        "harmonic_mean_rank": 13.566098603855664,
        "hits_at_1": 0.026179604261796042,
        "hits_at_10": 0.15646879756468798,
        "hits_at_3": 0.08249619482496195,
        "hits_at_5": 0.11050228310502283,
        "inverse_arithmetic_mean_rank": 0.0012568110743228715,
        "inverse_geometric_mean_rank": 0.0070753998234759094,
        "inverse_harmonic_mean_rank": 0.07371316022395612,
        "inverse_median_rank": 0.005747126436781609,
        "median_absolute_deviation": 249.07717270894113,
        "median_rank": 174.0,
        "standard_deviation": 1436.6115564675367,
        "variance": 2063852.7641760784,
        "z_arithmetic_mean_rank": 81.0704616130278,
        "z_geometric_mean_rank": 55.091557212267986,
        "z_hits_at_k": 267.62139953894183,
        "z_inverse_harmonic_mean_rank": 309.37220271980556
      },
      "pessimistic": {
        "adjusted_arithmetic_mean_rank": 0.16911948207118985,
        "adjusted_arithmetic_mean_rank_index": 0.8310571601570095,
        "adjusted_geometric_mean_rank_index": 0.9586598188744986,
        "adjusted_hits_at_k": 0.15553282709825356,
        "adjusted_inverse_harmonic_mean_rank": 0.07272015819635747,
        "arithmetic_mean_rank": 795.6645357686454,
        "count": 3285.0,
        "geometric_mean_rank": 141.33476905178387,
        "harmonic_mean_rank": 13.566098603855664,
        "hits_at_1": 0.026179604261796042,
        "hits_at_10": 0.15646879756468798,
        "hits_at_3": 0.08249619482496195,
        "hits_at_5": 0.11050228310502283,
        "inverse_arithmetic_mean_rank": 0.0012568110743228715,
        "inverse_geometric_mean_rank": 0.0070753998234759094,
        "inverse_harmonic_mean_rank": 0.07371316022395612,
        "inverse_median_rank": 0.005747126436781609,
        "median_absolute_deviation": 249.07717270894113,
        "median_rank": 174.0,
        "standard_deviation": 1436.6115564675367,
        "variance": 2063852.7641760784,
        "z_arithmetic_mean_rank": 81.0704616130278,
        "z_geometric_mean_rank": 55.091557212267986,
        "z_hits_at_k": 267.62139953894183,
        "z_inverse_harmonic_mean_rank": 309.37220271980556
      },
      "realistic": {
        "adjusted_arithmetic_mean_rank": 0.16911948526213755,
        "adjusted_arithmetic_mean_rank_index": 0.8310571569653834,